,fish_ID,trial,swim_number,start_time,start_x_position,start_y_position,start_accumulated_path,start_accumulated_orientation,end_time,end_x_position,end_y_position,end_accumulated_path,end_accumulated_orientation,duration,interbout_interval,average_speed,same_direction_as_previous_bout,correct_bout
0,108,1,0,0.1245887279510498,0.033622479748305886,0.26220139015668975,0.002209829275383157,161.30261312139396,0.42458629608154297,-0.04243327463802838,0.3514268233998499,0.1347952420941123,119.01023919330237,0.29999756813049316,0.41110777854919434,0.44195495865172163,1.0,1
1,108,1,1,1.0356924533843994,-0.05258581344298464,0.373141688375404,0.1701027327213822,114.5311624690446,1.380134105682373,-0.03797619743960786,0.4966963534925866,0.3114551347985923,70.87084907849385,0.34444165229797363,0.6111061573028564,0.4103812681601217,1.0,1
2,108,1,2,2.03568434715271,-0.028376497108549465,0.5186707414878083,0.341792590505797,68.43506186489935,2.435681104660034,0.10331203207207161,0.554326483228847,0.5013464174154159,-3.996746469294294,0.3999967575073242,0.6555502414703369,0.39888780075097807,1.0,1
3,108,1,3,2.8467888832092285,0.12194741821899639,0.5508975697681394,0.5304917599679229,-8.926611570891737,3.269007682800293,0.23602648528668896,0.41530837157993006,0.7348572264904227,-73.60661477695498,0.42221879959106445,0.41110777854919434,0.48402739698098685,1.0,1
4,108,1,4,3.8134477138519287,0.24047961877040483,0.39170710162809314,0.7673227620771552,-78.22490093107535,4.302332639694214,0.09707064654959745,0.20188743020417635,1.0460706217292461,-156.08257815642742,0.48888492584228516,0.5444400310516357,0.5701706984968796,1.0,1
5,108,1,5,4.86899471282959,0.07020060491470541,0.1907306810752327,1.0813372843998668,-159.08904750531815,5.157881259918213,-0.09156712187601845,0.250008822928329,1.2724847581686696,-219.73618201428962,0.28888654708862305,0.566662073135376,0.6616696959244822,1.0,1
6,108,1,6,6.035651922225952,-0.11931648904957337,0.2757436888062013,1.337280322646384,-225.3670798279793,6.335649490356445,-0.11823347859091014,0.36076122101379543,1.4330833492522093,-282.18028896529404,0.29999756813049316,0.8777706623077393,0.3193460107121692,1.0,1
7,108,1,7,6.8245344161987305,-0.11187478286760738,0.37812947850760703,1.4563626404278498,-287.8145020191696,7.291197299957275,0.047366748986213125,0.31004243272864956,1.6671720092423072,-410.56381769969335,0.4666628837585449,0.48888492584228516,0.4517380236383485,1.0,1
8,108,1,8,8.168967962265015,0.0613582050200841,0.28575333506202477,1.704937722771227,-416.34155767124435,8.424521446228027,0.13112684411831688,0.23327833255193964,1.8108499659041897,-408.82655933587694,0.2555534839630127,0.8777706623077393,0.4144425718269283,0.0,0
9,108,1,9,9.380069255828857,0.14739549220559284,0.20938412963265743,1.853528169505596,-417.0797912808405,9.69117784500122,0.14389817670835994,0.11427505446843933,1.9647298189398779,-457.7186438526053,0.3111085891723633,0.9555478096008301,0.3574367706468972,0.0,1
10,108,1,10,10.135618686676025,0.13970217268418927,0.09628271272862539,1.987382266040349,-461.300505963025,10.5911705493927,0.00761214603298445,0.14695703515904937,2.174480624611622,-592.9502240018151,0.4555518627166748,0.4444408416748047,0.41070704322338936,1.0,1
11,108,1,11,10.935612201690674,0.00031921596641203175,0.1604183635121991,2.1903940081529374,-598.5291370158095,11.246720790863037,0.008224892380921238,0.2506037072708439,2.2936202068487255,-645.8678329865443,0.3111085891723633,0.34444165229797363,0.3318011854651745,1.0,1
12,108,1,12,11.846715927124023,0.01645683719969565,0.2692064131882834,2.323130633576646,-650.6788848015108,12.846707820892334,0.21107557822606476,0.10904463375486799,2.7396620346008973,-826.3258242773518,0.9999918937683105,0.5999951362609863,0.4165347775516647,1.0,1
13,108,1,13,13.524480104446411,0.2006625777339516,0.08421873860334599,2.779513882061231,-830.9782385285021,13.746700525283813,0.10990436060155948,-0.11106659131348576,3.0067664414683186,-841.2836980077118,0.22222042083740234,0.6777722835540771,1.0226448071276375,1.0,1
14,108,1,14,14.40225076675415,0.08963972706497803,-0.14703057947244147,3.0571602614021334,-839.4048628054588,14.835580587387085,-0.040544813121012116,-0.15219752081751906,3.2107802983608327,-918.6695274111948,0.43332982063293457,0.6555502414703369,0.35451065134247456,1.0,1
15,108,1,15,15.23557734489441,-0.05560451609355085,-0.14503226694539484,3.2296595240555543,-922.9420493350785,15.513352870941162,-0.01798599222671461,-0.0014530820814766241,3.3939998955872017,-1023.7269004306545,0.27777552604675293,0.3999967575073242,0.5916301334048664,1.0,1
16,108,1,16,15.946682691574097,-0.005647496481207941,0.015370490181290856,3.4202600079335497,-1027.449809035425,16.29112434387207,0.11179746189571153,-0.01757733760389832,3.564623411241824,-1119.1600072887031,0.34444165229797363,0.43332982063293457,0.41912295549954726,1.0,1
17,108,1,17,16.635565996170044,0.12338976396437767,-0.029494534315103627,3.589042007222366,-1124.5390702279146,16.902230501174927,0.1636394287772201,-0.1632771707300262,3.7416729108616913,-1172.0571293287207,0.2666645050048828,0.34444165229797363,0.5723705284155859,1.0,1
18,108,1,18,17.435559511184692,0.16141503482298125,-0.18910798510153182,3.7693240585920122,-1178.6102059293712,17.735557079315186,0.0713260857206721,-0.23324482359217996,3.884060009617622,-1242.4932485353152,0.29999756813049316,0.5333290100097656,0.3824562703645048,1.0,1
19,108,1,19,18.13555383682251,0.05359507826085256,-0.23676841475017277,3.907235710068351,-1244.6274211032346,18.391107320785522,-0.08978227645154908,-0.21975726988958522,4.06453831393797,-1277.4600924285774,0.2555534839630127,0.3999967575073242,0.6155369178703346,1.0,1
20,108,1,20,18.857770204544067,-0.11806492559569681,-0.2124800390476377,4.097890438149522,-1278.405396378012,19.15776777267456,-0.17332549346892123,-0.1414202675767007,4.199806828674918,-1322.7412707753042,0.29999756813049316,0.4666628837585449,0.3397240556332259,1.0,1
21,108,1,21,19.579986572265625,-0.179249395565705,-0.12591524696805617,4.222742625719002,-1327.448309935065,19.9244282245636,-0.06537656262080654,-0.0310989165444655,4.398105949526414,-1433.5848753274963,0.34444165229797363,0.42221879959106445,0.5091234542554876,1.0,1
22,108,1,22,20.424424171447754,-0.04427651437694257,-0.03202365535266782,4.433682981614481,-1441.3444387254408,20.779976844787598,0.010869969153933087,-0.12826766809877355,4.562421856090433,-1517.6825543234863,0.35555267333984375,0.4999959468841553,0.3620810195762485,1.0,1
23,108,1,23,21.424416065216064,0.01138108411084334,-0.14983237598424984,4.595998504716073,-1525.226068012627,21.768857717514038,-0.0787654114180373,-0.2203373414822426,4.730475722112006,-1598.2658732580871,0.34444165229797363,0.6444392204284668,0.3904208927658889,1.0,1
24,108,1,24,22.05774426460266,-0.09218300833189565,-0.2241450224016772,4.7447954383799384,-1600.5113898587206,22.368852853775024,-0.1682586201678784,-0.08135601615032217,4.9308972374823,-1705.6063734577647,0.3111085891723633,0.28888654708862305,0.5981892033178681,1.0,1
25,108,1,25,23.446621894836426,-0.1669239857785482,-0.04193987212002496,5.007197071726621,-1717.151723761663,23.80217456817627,-0.06334722049517096,-0.014152552906742697,5.136290243100108,-1804.7965885191397,0.35555267333984375,1.0777690410614014,0.3630774876781688,1.0,1
26,108,1,26,24.379947662353516,-0.043365684173078865,-0.01905875075806839,5.165043830384489,-1812.1740774155187,24.74661135673523,-0.05185490309781796,-0.12894151512035737,5.295346460466337,-1911.7400841610133,0.36666369438171387,0.5777730941772461,0.3553736900555999,1.0,1
27,108,1,27,27.046592712402344,-0.0749625174460291,-0.1572018250441747,5.401923203482324,-1919.3513235665778,27.213258028030396,-0.10560780071770218,-0.17099520386755476,5.441433015956864,-1950.6244740508546,0.16666531562805176,2.2999813556671143,0.23706079651698037,1.0,1
28,108,1,28,27.879919290542603,-0.11821490980278195,-0.17492376636155882,5.474647497975736,-1955.8508586303738,28.135472774505615,-0.17997551721419086,-0.1617033153362123,5.545602466731808,-1996.4006527979927,0.2555534839630127,0.666661262512207,0.27765212845363096,1.0,1
29,108,1,29,28.69102382659912,-0.1956295008970583,-0.15484160797356503,5.569799605463551,-1999.2096855941222,29.135464668273926,-0.23392230749711873,-0.017035254626962513,5.741220858048134,-2083.493922774135,0.4444408416748047,0.5555510520935059,0.38570094489653406,1.0,1
30,108,2,0,0.7963542938232422,-0.0590251619191848,0.04416191968177862,0.11411280385287625,-23.000279475979823,1.1074628829956055,0.02580459788696371,-0.031117207547443848,0.2423441945059963,-55.202119487214986,0.3111085891723633,0.5444400310516357,0.4121756682907784,1.0,1
31,108,2,1,1.6630139350891113,0.03714009013210274,-0.050807144231874025,0.26891729694979816,-60.5406083418452,1.9963445663452148,0.05686275417541686,-0.15937064862957082,0.3931573517685507,-94.5235608335679,0.3333306312561035,0.5555510520935059,0.37272318583675806,1.0,1
32,108,2,2,2.396341323852539,0.05377599634505847,-0.17792256580656338,0.4151415553042881,-99.01566337096983,2.963003396987915,-0.10063184086679816,-0.3038481344931755,0.6548975817046347,-173.43064288681262,0.566662073135376,0.3999967575073242,0.42310229988353,1.0,1
33,108,2,3,3.351889133453369,-0.1186650240537877,-0.30461042697853863,0.6756637949861712,-176.26218503264454,3.707441806793213,-0.27331914137258756,-0.2401727602566206,0.863776519042208,-224.5409837258635,0.35555267333984375,0.3888857364654541,0.5290713251823455,1.0,1
34,108,2,4,4.107438564300537,-0.2866399347222977,-0.22565642513933806,0.8932976144615168,-228.67674936215508,4.9963202476501465,-0.1701437534995606,0.03055848418786876,1.2580742582469249,-345.58801751290866,0.8888816833496094,0.3999967575073242,0.4103770508700385,1.0,1
35,108,2,5,5.440761089324951,-0.1527985701747645,0.032929188536111896,1.283594871715124,-350.12602054615854,5.718536615371704,0.0297136773476529,-0.03957570656439369,1.4934899287260528,-44.312611447303425,0.27777552604675293,0.4444408416748047,0.7556283305376622,0.0,0
36,108,2,6,6.5185301303863525,0.0509519239131721,-0.06851520744789953,1.5413311675163115,-57.40326760813832,6.862971782684326,-0.013297179069914601,-0.15360206781139624,1.666530587346024,-142.58746842555956,0.34444165229797363,0.7999935150146484,0.363485133097096,0.0,1
37,108,2,7,7.25185751914978,-0.02760269816395654,-0.16166199447803833,1.6841579708414436,-147.6494369524239,7.729631423950195,-0.13968198305776508,-0.056932954238768076,1.8724585096663553,-255.5512243062817,0.47777390480041504,0.3888857364654541,0.39412060167574925,1.0,1
38,108,2,8,8.19629430770874,-0.14178074622627276,-0.038522876452153666,1.905770379832365,-262.60298957251507,8.485180854797363,-0.037004032793261074,0.07235076401946994,2.0738908453891725,-330.9819148023339,0.28888654708862305,0.4666628837585449,0.5819601752006551,1.0,1
39,108,2,9,8.951843738555908,-0.0181427891186223,0.08203303989756104,2.1031643948422953,-337.96614722655113,9.285174369812012,0.05083178505436759,0.02105851981468792,2.210845668805913,-416.34660067586356,0.3333306312561035,0.4666628837585449,0.32304644058014625,1.0,1
40,108,2,10,9.729615211486816,0.05744302261445056,0.006324008882075093,2.2332062991757375,-421.72708543025647,10.174056053161621,-0.049353929856871245,-0.0890433087115814,2.4092154424004164,-530.3302243505386,0.4444408416748047,0.4444408416748047,0.39602378251606307,1.0,1
41,108,2,11,10.496275663375854,-0.06407872874962121,-0.08975405207226499,2.424433827102643,-535.4405731001461,11.01849365234375,-0.15550097768930482,0.050396380642638815,2.6336683962945315,-636.0083424102977,0.5222179889678955,0.3222196102142334,0.40066518889059527,1.0,1
42,108,2,12,11.396268367767334,-0.15129540882201295,0.06477038194703816,2.6522640735723826,-642.5027833411104,11.840709209442139,-0.02348961828057957,0.09539562466807047,2.8126843280880003,-733.894708773998,0.4444408416748047,0.377774715423584,0.3609484985922974,1.0,1
43,108,2,13,12.151817798614502,-0.010029155519668995,0.0900010732492827,2.8281970116840895,-737.7748039886901,12.407371282577515,0.02478649301523296,0.009096014357986197,2.9340857642790112,-800.5570838200601,0.2555534839630127,0.3111085891723633,0.4143506515851195,1.0,1
44,108,2,14,13.251808881759644,0.023390535521106162,-0.01897861203699272,2.9953705348837225,-811.059253910822,13.629583597183228,-0.0661767980675874,-0.08096586210071133,3.125761133276896,-885.7244029610947,0.377774715423584,0.8444375991821289,0.34515438188331793,1.0,1
45,108,2,15,14.107357501983643,-0.08460513932488857,-0.08283055432027543,3.157919481675737,-891.746651088306,14.529576301574707,-0.140606863057214,0.02804725681177653,3.3107263596973624,-985.5709861820478,0.42221879959106445,0.47777390480041504,0.3619139606517395,1.0,1
46,108,2,16,15.029572248458862,-0.13912519035916382,0.04504952648222441,3.350270795930058,-991.7023366318126,15.385124921798706,-0.051834066779339216,0.0911340707750303,3.4673703762048795,-1069.8443967371722,0.35555267333984375,0.4999959468841553,0.3293452392717511,1.0,1
47,108,2,17,15.80734372138977,-0.03583617928667701,0.09104260847508089,3.4936655828522483,-1076.2594948932256,16.207340478897095,-0.018804200041108665,-0.04157956175762091,3.655223429065206,-1185.1929766751618,0.3999967575073242,0.42221879959106445,0.4038978896222663,1.0,1
48,108,2,18,16.74066948890686,-0.026895565260783166,-0.05993417869842017,3.6804028359444274,-1190.1799611009637,17.018445014953613,-0.03287670952382332,-0.14358188397873517,3.788019823244092,-1184.4860724418277,0.27777552604675293,0.5333290100097656,0.3874242948298879,0.0,0
49,108,2,19,17.6184401512146,-0.040136731640595925,-0.16459609375539688,3.8204423139723573,-1189.124445095862,18.085103034973145,-0.15619265135552834,-0.17106838660888887,3.9750464275754673,-1293.1599176714144,0.4666628837585449,0.5999951362609863,0.33129721472150203,0.0,1
50,108,2,20,18.829541444778442,-0.17019944142699495,-0.1549256310826368,4.023681938102136,-1304.8865680217814,19.151761054992676,-0.08546960409047154,-0.09024350436128292,4.152688176131736,-1421.2977499094204,0.3222196102142334,0.7444384098052979,0.4003674324595822,1.0,1
51,108,2,21,19.929532527923584,-0.059030567133625256,-0.08750511310167115,4.2030338447056685,-1430.6999269290754,20.296196222305298,0.021789778590849188,-0.1523322754858319,4.327191724900906,-1492.788255319102,0.36666369438171387,0.7777714729309082,0.3386151454252893,1.0,1
52,108,2,22,20.807303190231323,0.03223052088292851,-0.16877646989956122,4.3556966854146,-1496.1112489951765,21.140633821487427,-0.03299176431453294,-0.27984243550615473,4.511471918255488,-1590.3695010180854,0.3333306312561035,0.5111069679260254,0.4673294868037597,1.0,1
53,108,2,23,21.762850999832153,-0.05775768830145728,-0.28801801811855404,4.540590274542016,-1601.1722423361325,22.151736736297607,-0.13735733499970776,-0.19421859405326533,4.69029712744188,-1693.0502628575887,0.3888857364654541,0.6222171783447266,0.38496359948949566,1.0,1
54,108,2,24,22.629510641098022,-0.1406547041301953,-0.17413809456471704,4.716119525547413,-1698.8676856526836,23.040618419647217,-0.06570530385990747,-0.07622711816869411,4.865514567546857,-1770.8143878582869,0.41110777854919434,0.47777390480041504,0.3633962911785846,1.0,1
55,108,2,25,23.40728211402893,-0.0512830582644063,-0.07054982920205267,4.884687784389712,-1776.325288185264,23.740612745285034,0.039059945743091185,-0.1259826664245004,5.011502223183179,-1852.3227725299812,0.3333306312561035,0.36666369438171387,0.38044640036706745,1.0,1
56,108,2,26,24.29616379737854,0.05005568864276192,-0.1452488034390654,5.037927919276726,-1858.9889315173377,24.696160554885864,-0.05033558168555719,-0.22664092466014768,5.191867737587845,-1966.0697016127715,0.3999967575073242,0.5555510520935059,0.38485266548267166,1.0,1
57,108,2,27,25.007269144058228,-0.06380750572805532,-0.2283561974786099,5.205772564419846,-1970.710590965352,25.27393364906311,-0.1700223419982739,-0.12880976952072384,5.3657496748174545,-2044.5120497275648,0.2666645050048828,0.3111085891723633,0.5999190270736616,1.0,1
58,108,2,28,26.407257795333862,-0.18293480835398165,-0.09583256134821738,5.424112588992017,-2056.031447121709,26.762810468673706,-0.139905567947097,0.011288808890194062,5.557546443365705,-2108.977102037077,0.35555267333984375,1.133324146270752,0.3752857575792993,1.0,1
59,108,2,29,27.329472541809082,-0.12455798335768625,0.02698105540142999,5.5967006309130625,-2113.5070167721833,27.685025215148926,-0.01531036409816917,0.053072210303756404,5.728323261623732,-2164.5728151213643,0.35555267333984375,0.566662073135376,0.3701916497330405,1.0,1
60,108,2,30,28.329464435577393,0.006451801087682954,0.049350718997846287,5.761941777757372,-2170.990633256016,28.696128129959106,0.12321418215928258,-0.0084248400216149,5.914867164624031,-2203.2691398667203,0.36666369438171387,0.6444392204284668,0.41707261779634214,1.0,1
61,108,2,31,29.12945795059204,0.13617872167776926,-0.023192853223221777,5.942715433893532,-2207.8498228861454,29.573898792266846,0.15274094816273873,-0.1693612535645599,6.116983091374443,-2265.577989825272,0.4444408416748047,0.43332982063293457,0.3921054078293323,1.0,1
62,108,4,0,1.1282031536102295,-0.3275444044910507,0.7802283567667067,0.07367332476812294,111.00546475831652,1.1948692798614502,-0.3244004690086125,0.7881129943851554,0.087189709859544,95.30315963427711,0.0666661262512207,1.3111004829406738,0.2027474198888759,1.0,1
63,108,4,1,1.7726423740386963,-0.32353131535480406,0.7896118167200913,0.12241816209527201,93.09836550921318,1.9504187107086182,-0.28440183729704005,0.7890510185281068,0.17385066680893146,17.279723836771154,0.17777633666992188,0.5777730941772461,0.28931018422971794,1.0,1
64,108,4,2,2.4393036365509033,-0.27913567097514363,0.7902045390249982,0.1947667757827105,18.051147719430446,2.483747720718384,-0.27880796495068394,0.7905324979324411,0.201958694844393,19.92958288933187,0.04444408416748047,0.48888492584228516,0.16181949063413884,0.0,-1
65,108,4,3,2.5393028259277344,-0.2786890743525883,0.7904445207956635,0.20091774504683713,19.021226894643405,2.6393020153045654,-0.26182007348161096,0.7944836988568031,0.2235248199045401,15.036650897825893,0.09999918937683105,0.055555105209350586,0.2260725811737513,0.0,1
66,108,4,4,2.972632646560669,-0.2573983620210594,0.7954390205493412,0.2335387533081672,15.331913123302002,3.1059648990631104,-0.2271187412467353,0.8018190181773939,0.2709683073562843,13.702201738344229,0.1333322525024414,0.3333306312561035,0.2807239309741035,1.0,-1
67,108,4,5,3.539294719696045,-0.21950533186505558,0.804012425523761,0.29089183182252043,17.14669770149885,3.717071056365967,-0.18340407836068137,0.8072651118969524,0.3354471466432756,5.969531860579082,0.17777633666992188,0.43332982063293457,0.2506256774965568,1.0,1
68,108,4,6,4.228178024291992,-0.17514436952701362,0.8079512442916538,0.3604829068213036,4.681287144034286,4.328177213668823,-0.15708749345449485,0.8064306610819572,0.3819753718477159,-1.550483623499531,0.09999918937683105,0.5111069679260254,0.21492639250725717,1.0,1
69,108,4,7,4.628174781799316,-0.15292005223544622,0.8063133914718277,0.3964293557053651,-0.19986981250258395,4.883728265762329,-0.09716725137847784,0.7921339936127635,0.4666343473674459,-18.12001574558417,0.2555534839630127,0.29999756813049316,0.2747174116876524,1.0,1
70,108,4,8,5.361502170562744,-0.09198924565933007,0.7907354519892168,0.4832758297656454,-18.244778247977592,5.550389528274536,-0.056358126144778434,0.7697636268254004,0.5336401501384671,-30.82096685758006,0.188887357711792,0.47777390480041504,0.2666367986875466,1.0,1
71,108,4,9,6.183717727661133,-0.05371414492564782,0.7678627867894255,0.5547466442726261,-31.043194820691497,6.317049980163574,-0.04471577966520249,0.7488486232702257,0.5825179585145293,-53.195648415468895,0.1333322525024414,0.6333281993865967,0.20828654523326712,1.0,1
72,108,4,10,6.705935716629028,-0.043147061202774784,0.7453992575047451,0.5995176028177127,-55.39450790953015,6.8281569480896,-0.03862829334681195,0.7309807287877246,0.6201400852415162,-63.934373860822234,0.12222123146057129,0.3888857364654541,0.16873076942001133,1.0,1
73,108,4,11,7.161487579345703,-0.038325320087394525,0.729131245559052,0.6318420223093142,-64.86602644997765,7.272597789764404,-0.036956859804329244,0.712324222366951,0.6527234459306612,-77.52710719498464,0.11111021041870117,0.3333306312561035,0.18793433603139362,1.0,1
74,108,4,12,7.78370475769043,-0.037492468295606346,0.7092404031682804,0.6804005807741333,-79.12542867276898,7.917037010192871,-0.04230697533562963,0.689442732417517,0.7058386626730453,-95.67503338568349,0.1333322525024414,0.5111069679260254,0.19078716080676847,1.0,1
75,108,4,13,8.261478662490845,-0.0439542703317418,0.6845691775298482,0.7193986107153876,-97.78721651815613,8.450366020202637,-0.050382369591487244,0.6347190046912743,0.7785758356809538,-93.85909568822717,0.188887357711792,0.34444165229797363,0.31329373062574134,0.0,0
76,108,4,14,9.372580766677856,-0.05469332374802873,0.6106725544628586,0.8372718573097302,-93.96585372464506,9.583690166473389,-0.034566659558868756,0.5467340854879456,0.914850056532714,-71.39833287608053,0.21110939979553223,0.9222147464752197,0.3674786593970773,1.0,0
77,108,4,15,10.450349807739258,-0.027057434346195165,0.5228932089063231,0.9603181853628513,-70.10336644518975,10.572571039199829,-0.01969674548566594,0.4878196573990092,0.9994349650275893,-78.32840900743213,0.12222123146057129,0.8666596412658691,0.32004897346626027,0.0,1
78,108,4,16,11.57256293296814,-0.018301819422208265,0.4697574818500074,1.0610150389283461,-82.31515274874437,11.6614511013031,-0.02068358224943935,0.4442088153771939,1.0891567079312097,-91.93102131424712,0.08888816833496094,0.9999918937683105,0.31659634268552045,1.0,1
79,108,4,17,12.461444616317749,-0.023893394213052043,0.43107251945911657,1.123870558210271,-96.81479317859521,12.6281099319458,-0.02410849415904814,0.3820786735037419,1.1792145482569367,-88.38955076769162,0.16666531562805176,0.7999935150146484,0.33206663208905013,0.0,0
80,108,4,18,13.750323057174683,-0.025266987573849587,0.3575477622261351,1.262442626996929,-87.60943403544661,13.939210414886475,-0.010573928448224872,0.3109554282384847,1.3224501941235047,-73.79496877851307,0.188887357711792,1.1222131252288818,0.3176896953481468,1.0,0
81,108,4,19,14.46142840385437,-0.006921431120566482,0.29501816212251425,1.3424600823759363,-73.3015171015486,14.628093719482422,-0.0020833416710308987,0.25371108605560616,1.3905890074956062,-81.84665252396735,0.16666531562805176,0.5222179889678955,0.2887758916023032,0.0,1
82,108,4,20,15.205866813659668,-0.0011845323441781886,0.2372051715595939,1.4294614026955799,-83.34894361238003,15.38364315032959,-0.011066567486116861,0.19818216793348276,1.4741476963193634,-100.61032629653164,0.17777633666992188,0.5777730941772461,0.25136243923595275,1.0,1
83,108,4,21,15.839195013046265,-0.015086403804645961,0.18619397706510835,1.493862725136779,-103.92957965227833,16.083637475967407,-0.04138420571333918,0.12035864634640747,1.574200711177923,-108.73516623366777,0.24444246292114258,0.4555518627166748,0.3286580616194375,1.0,1
84,108,4,22,17.21696162223816,-0.05236427051704551,0.0934133060143394,1.6314333793852285,-108.91466147331812,17.45029306411743,-0.044852134159709664,0.02443005119820507,1.7129278133915022,-81.5190124118999,0.23333144187927246,1.133324146270752,0.34926469124739573,0.0,0
85,108,4,23,17.961400032043457,-0.04180235440732475,0.006396218691538021,1.7400552133910026,-79.27011727563331,18.19473147392273,-0.006611219083466763,-0.07185003280563908,1.84321911184216,-70.06482431124095,0.23333144187927246,0.5111069679260254,0.4421345774074254,1.0,0
86,108,4,24,19.016947031021118,0.0031150381895445997,-0.10048421850332916,1.8917583620303873,-70.69425309964572,19.21694540977478,0.024956060116962907,-0.14742631700463127,1.951951766400498,-62.1898484057856,0.1999983787536621,0.8222155570983887,0.3009694615787404,1.0,0
87,108,4,25,19.805829524993896,0.033322086027577115,-0.16379544323183146,1.9773820123004526,-58.72920761970272,19.97249484062195,0.0388944850568216,-0.19567740176985451,2.014669313814778,-73.39523142112193,0.16666531562805176,0.5888841152191162,0.22372562265768559,0.0,1
88,108,4,26,20.750266313552856,0.042019845983575645,-0.21080868543566647,2.046068881576886,-75.0695696744533,20.994708776474,0.058527780946025024,-0.27661927135643,2.125818278736901,-76.59480346756754,0.24444246292114258,0.7777714729309082,0.3262501784959595,1.0,-1
89,108,4,27,21.539148807525635,0.0625502220572113,-0.29608314128835755,2.159584231610964,-77.00679358130401,21.772480249404907,0.06086321793437562,-0.36112594225393124,2.2369807552099417,-91.93937383971388,0.23333144187927246,0.5444400310516357,0.33170207570663934,1.0,1
90,108,4,28,22.528029680252075,0.058129396581378286,-0.38423676583457,2.2834917655212195,-95.6612061480555,22.761361122131348,0.09703296270069948,-0.4436527041569774,2.3710242080541235,-60.26525576244603,0.23333144187927246,0.755549430847168,0.3751420804153519,0.0,0
91,108,4,29,23.316912174224854,0.10747493557378007,-0.462851934786384,2.3972858604954297,-58.65927342312534,23.528021574020386,0.11908625747344401,-0.5287251985881359,2.4720935322387447,-83.09362742084704,0.21110939979553223,0.5555510520935059,0.35435500179418455,0.0,1
92,108,4,30,24.02801752090454,0.1205994988001201,-0.5503455763948044,2.5017242590169246,-85.62118619346256,24.250237941741943,0.15709726962627363,-0.6179030235862505,2.5979914693172503,-69.39621126509337,0.22222042083740234,0.4999959468841553,0.4332059580193306,0.0,0
93,108,4,31,24.661345720291138,0.16347203007185487,-0.6365447653994328,2.625896062603644,-71.03633506484948,24.87245512008667,0.16141798544016248,-0.7047659749239084,2.702838676692693,-92.7602111695578,0.21110939979553223,0.41110777854919434,0.36446796856781716,0.0,1
94,108,4,32,25.81689190864563,0.1571210362417399,-0.7325498154557862,2.753012503737608,-97.32541043453239,25.95022416114807,0.1471528610389976,-0.760538887425242,2.787047761078,-105.17343953071759,0.1333322525024414,0.94443678855896,0.2552664993023253,1.0,1
95,108,4,33,27.394656896591187,0.1394578896503842,-0.7799786893673853,2.8539930080870874,-108.65037781936735,27.59465527534485,0.1693880609389603,-0.8206616757967085,2.9185847282561923,-65.62666317427284,0.1999983787536621,1.4444327354431152,0.322961218843991,0.0,0
96,108,4,34,28.239094495773315,0.17550342389641926,-0.8363978413672828,2.9566459976870476,-64.03501681362104,28.305760622024536,0.1797147512778554,-0.8498265096501163,2.9738186072229666,-67.52255962863273,0.0666661262512207,0.6444392204284668,0.25759123113298626,0.0,1
97,108,4,35,29.194642305374146,0.18350558678107318,-0.8602372545498175,3.023360995089405,-66.80120829362568,29.361307621002197,0.17056598324140088,-0.8752760077186552,3.047527088732352,-99.81133685373061,0.16666531562805176,0.8888816833496094,0.14499773724293372,1.0,1
98,108,4,36,29.78352642059326,0.16803222569592838,-0.8795618064682352,3.0681783561751956,-104.0042431502061,29.939080715179443,0.15584170640521647,-0.8787347577457947,3.087314134192937,-126.24257085413046,0.15555429458618164,0.42221879959106445,0.12301671303031407,1.0,1
99,108,5,0,0.4174795150756836,-0.5593074110315267,-0.644985783389454,0.02126222693819102,124.02010220733246,0.6063668727874756,-0.5851185490456612,-0.5996186388171885,0.07869770205832083,120.6232515738302,0.188887357711792,0.42221879959106445,0.3040726272838544,0.0,1
100,108,5,1,1.0508077144622803,-0.5918706791499437,-0.5883515365510927,0.1015114314228498,122.36710006608155,1.2730281352996826,-0.6477623902882188,-0.5439137397264108,0.1860429270622319,142.99354473333733,0.22222042083740234,0.4444408416748047,0.38039481394571484,0.0,0
101,108,5,2,1.6508028507232666,-0.6588511112385832,-0.5356193159331287,0.20935142328806933,144.0808078206701,1.884134292602539,-0.7065046530420267,-0.5165283881350056,0.27017343446564723,157.70976507583873,0.23333144187927246,0.377774715423584,0.2606678752238102,1.0,0
102,108,5,3,2.7063498497009277,-0.7127805667611722,-0.515051881491373,0.30674739264964046,160.80666629682491,2.839682102203369,-0.7324733329153174,-0.5012408183616986,0.3369582811679521,145.20904416129997,0.1333322525024414,0.8222155570983887,0.22658350062569055,0.0,1
103,108,5,4,3.584120512008667,-0.7344082924954787,-0.5010598690359657,0.3721186097964022,146.452944298866,3.7063417434692383,-0.7480196597520591,-0.4854755481081608,0.39872096009739266,133.65279221394667,0.12222123146057129,0.7444384098052979,0.21765735775271092,1.0,1
104,108,5,5,4.050783395767212,-0.749172696294221,-0.4849060403587222,0.4129014818799561,134.14189179495042,4.173004627227783,-0.7585849808127403,-0.46803735147293135,0.43858406529128047,124.82459628278957,0.12222123146057129,0.34444165229797363,0.21013193128895594,1.0,1
105,108,5,6,4.528557300567627,-0.7598462964336488,-0.4662857559413737,0.4555626235799508,124.32053296641061,4.684111595153809,-0.7707864244540273,-0.43794139719530545,0.4941933430229568,115.7008568405945,0.15555429458618164,0.35555267333984375,0.24834235239711397,1.0,1
106,108,5,7,5.306328773498535,-0.7723998832727547,-0.43461783332032855,0.5263115055764302,116.04156216741285,5.4285500049591064,-0.7815842774002011,-0.41472396342685675,0.5531121671984067,115.41161168668077,0.12222123146057129,0.6222171783447266,0.21927991807726466,1.0,-1
107,108,5,8,5.617437362670898,-0.7826897623854001,-0.41230947330829104,0.5586559367391573,115.72682511230232,6.0952112674713135,-0.771604580629867,-0.4432131344235976,0.614127478858336,46.86391752092095,0.47777390480041504,0.188887357711792,0.11610416885859715,1.0,1
108,108,5,9,6.172988414764404,-0.7717602957236925,-0.443411877679234,0.6144135164563096,47.20085948021733,6.650762319564819,-0.8386434631495643,-0.3102888396129656,0.8829341177914358,431.89381880641304,0.47777390480041504,0.07777714729309082,0.5620244191597233,0.0,0
109,108,5,10,6.70631742477417,-0.8389265354400465,-0.31158743765383085,0.881230208093271,432.56713911197403,6.795205593109131,-0.8373130154672093,-0.3042070670545804,0.8921773662375756,430.1692825571499,0.08888816833496094,0.055555105209350586,0.12315652745877219,0.0,-1
110,108,5,11,6.9507598876953125,-0.8372092405753785,-0.3029098490559242,0.8953427567022345,430.27150712704133,6.984092950820923,-0.8369725302826034,-0.30112743710369483,0.8995226375249388,431.4738171971585,0.03333306312561035,0.15555429458618164,0.12539744118183938,0.0,-1
111,108,5,12,7.350756645202637,-0.8377133243421858,-0.3000460421188801,0.9159556332637067,434.89511466383556,7.506310939788818,-0.8090553559724807,-0.2418678461778361,0.9887245377672116,419.73239965731045,0.15555429458618164,0.36666369438171387,0.4678038925064124,0.0,1
112,108,5,13,7.839641571044922,-0.8017000788497128,-0.23146254912749242,1.0075668539180924,416.28534040474915,8.072973012924194,-0.7609437192358053,-0.1961870857705305,1.0692727450723396,398.5208824172023,0.23333144187927246,0.3333306312561035,0.2644559629737955,1.0,1
113,108,5,14,9.050742864608765,-0.7446118710757063,-0.18589023388774958,1.129941643197867,394.5041257703506,9.195186138153076,-0.6856175235682822,-0.11019496347421512,1.2391070735299223,406.0622325429704,0.14444327354431152,0.9777698516845703,0.7557667979503808,0.0,0
114,108,5,15,9.906291484832764,-0.6607725500036062,-0.08399270624647899,1.2939438778430485,407.8223689675124,10.128511905670166,-0.5889241727378198,-0.11686903639076487,1.3841970763307359,329.9962708571111,0.22222042083740234,0.7111053466796875,0.4061426854813004,0.0,1
115,108,5,16,10.606285810470581,-0.5732129585166849,-0.13002593980223884,1.4113734379574936,322.7277443420553,10.850728273391724,-0.5419428242159592,-0.22191872978008376,1.5211386469691774,283.0159892519114,0.24444246292114258,0.47777390480041504,0.4490431314590961,1.0,1
116,108,5,17,11.239614009857178,-0.5397496817192454,-0.24193003244582503,1.5466507795049864,278.78787665558775,11.4173903465271,-0.53882553303079,-0.301939581344674,1.6144108175706862,268.4477821446708,0.17777633666992188,0.3888857364654541,0.38115330383655116,1.0,1
117,108,5,18,11.806276082992554,-0.5412938939634053,-0.3187525212943723,1.637597254458754,265.2806051596781,11.928497314453125,-0.5540281758519114,-0.3511574932291426,1.6752631400975417,251.06207538754643,0.12222123146057129,0.3888857364654541,0.3081779261153882,1.0,1
118,108,5,19,12.46182632446289,-0.5620701433266687,-0.3664389565661796,1.7050592331247572,246.67986982029288,12.650713682174683,-0.5554142344723759,-0.42458255484971985,1.7782188163974695,275.7697391484471,0.188887357711792,0.5333290100097656,0.38731858054968743,0.0,0
119,108,5,20,13.33959698677063,-0.554309638178348,-0.4472251872367379,1.8229622991597552,278.20262464317057,13.517373323440552,-0.570094485684653,-0.4816454046502378,1.8653168203757104,251.23610087449197,0.17777633666992188,0.6888833045959473,0.23824611311794053,0.0,1
120,108,5,21,14.717363595962524,-0.5803825542942386,-0.49856028292616233,1.9358785291940848,243.82232341341478,14.839584827423096,-0.5997015837346001,-0.512679393368723,1.9648426546977902,226.9697615647783,0.12222123146057129,1.1999902725219727,0.236981129690624,1.0,1
121,108,5,22,15.20624852180481,-0.6071204213322803,-0.5162362440504089,1.9845573549281852,221.59378878778625,15.32846975326538,-0.6231390587352057,-0.5161219048664261,2.003335038635001,203.98957767643697,0.12222123146057129,0.36666369438171387,0.15363683938067138,1.0,1
122,108,5,23,15.628467321395874,-0.6266128753327785,-0.5164881127185307,2.011443474258897,201.75442232399655,15.850687742233276,-0.6427250186836448,-0.46834887008751747,2.0689321508199896,111.15725125957397,0.22222042083740234,0.29999756813049316,0.25870114161630936,1.0,1
123,108,5,24,16.12846326828003,-0.6435884979044748,-0.4603767411160998,2.0801602765503304,107.0249291520795,16.28401756286621,-0.63839313475472,-0.4142062151173932,2.1326833387237514,83.91334828294566,0.15555429458618164,0.27777552604675293,0.3376509939063215,1.0,1
124,108,5,25,16.861790657043457,-0.6322896617234429,-0.3952510546562366,2.1669173116126927,78.20005338064402,17.09512209892273,-0.6496310820331908,-0.32258161337370145,2.2537126105685275,100.63713704346083,0.23333144187927246,0.5777730941772461,0.37198286804717595,0.0,0
125,108,5,26,17.572896003723145,-0.6522991790920415,-0.3033427230197336,2.280617026229592,100.83381181251025,17.761783361434937,-0.6721930106379606,-0.24532702625729774,2.350933758284043,106.64758106409863,0.188887357711792,0.47777390480041504,0.3722680697441992,1.0,0
126,108,5,27,17.828449487686157,-0.6720937478648136,-0.24594659151362763,2.3503039788187294,106.91930995494477,17.872893571853638,-0.6728979767320133,-0.2380994220032086,2.361545094828088,100.82669621295281,0.04444408416748047,0.0666661262512207,0.25292716049673253,0.0,1
127,108,5,28,17.93955969810486,-0.672648954852868,-0.23865770140704415,2.3599549901237538,100.34847195203474,17.9617817401886,-0.6752675474808205,-0.23252976359531913,2.3708057181155198,105.06810116317865,0.022222042083740234,0.0666661262512207,0.48828671779473565,0.0,0
128,108,5,29,18.17289113998413,-0.6768216583690226,-0.22810577759874928,2.3786571141980772,106.84971129087353,18.272890329360962,-0.676013203114959,-0.2091059798303307,2.399988388203184,94.53170296652024,0.09999918937683105,0.21110939979553223,0.21331446922757621,0.0,1
129,108,5,30,18.639554023742676,-0.6757426603994898,-0.20067823652312797,2.4177051548870736,92.98580936782128,18.828441381454468,-0.683803121570165,-0.13167433029839604,2.4935730926869155,96.25460801373265,0.188887357711792,0.36666369438171387,0.40165704427716487,0.0,0
130,108,5,31,19.20621609687805,-0.6852835399655438,-0.11418266749766352,2.5152126227002896,97.50067662494803,19.472880601882935,-0.6671772823708542,-0.031044840827810984,2.6091499040269355,70.32239300878064,0.2666645050048828,0.377774715423584,0.3522676605381952,0.0,1
131,108,5,32,19.92843246459961,-0.6593295083666723,-0.01399857255824121,2.632938946537635,66.25161374724121,20.03954267501831,-0.6490441328282783,-0.006971513970638519,2.6485658617104093,55.89358270789489,0.11111021041870117,0.4555518627166748,0.14064337664276397,1.0,1
132,108,5,33,20.283985137939453,-0.6462386890664596,-0.0048319023224828025,2.659128606427487,53.88000309408562,20.483983516693115,-0.593352238357981,0.028090520837648923,2.727342634826698,30.143246567462484,0.1999983787536621,0.24444246292114258,0.34107290681206165,1.0,1
133,108,5,34,20.85064721107483,-0.5779664797422709,0.034262558492617924,2.75183391515327,25.595288007112686,21.106200695037842,-0.500743226219092,0.01886830721179125,2.8395012127422774,-17.69624291038599,0.2555534839630127,0.36666369438171387,0.34304872791988944,1.0,1
134,108,5,35,21.406198263168335,-0.4882428225443163,0.013222088971532472,2.8565604658881085,-20.67507466240022,21.650640726089478,-0.44297470129074124,-0.04281833871279933,2.9361709602421655,-55.94234881797638,0.24444246292114258,0.29999756813049316,0.32568193513800187,1.0,1
135,108,5,36,21.9395272731781,-0.4369218665088539,-0.05493316299743645,2.950226261950661,-58.7499216668366,22.117303609848022,-0.4323638821321082,-0.10078083750134252,3.0036523306965677,-81.36501738948937,0.17777633666992188,0.28888654708862305,0.30052407281348775,1.0,1
136,108,5,37,22.395079135894775,-0.43280260936341386,-0.11086894066301478,3.0187922079664986,-85.04544264152901,22.650632619857788,-0.47427300221033075,-0.17561396595038403,3.1033666566542877,-131.66230668081698,0.2555534839630127,0.27777552604675293,0.3309461775916539,1.0,1
137,108,5,38,23.095073461532593,-0.4882511733215067,-0.1866267673938925,3.1306390552345675,-137.61363601902303,23.350626945495605,-0.5648782914852271,-0.20339113877440249,3.217366505380241,-169.90361796863,0.2555534839630127,0.4444408416748047,0.3393710341989539,1.0,1
138,108,5,39,23.69506859779358,-0.5814160782219021,-0.20230088028453233,3.2412616676056842,-175.4837512445083,23.972844123840332,-0.6389834428372002,-0.16817841339723033,3.3170607446185585,-211.45301457741516,0.27777552604675293,0.34444165229797363,0.27287888926584686,1.0,1
139,108,5,40,24.339507818222046,-0.6481498901065054,-0.15915556931534283,3.334199822509234,-217.41025308205462,24.62839436531067,-0.5659675220431009,-0.07969980625168056,3.4657940329692565,-327.38900431689945,0.28888654708862305,0.36666369438171387,0.45552211339094567,1.0,1
140,108,5,41,24.87283682823181,-0.5542990176162073,-0.07331872008537352,3.4807162950967268,-330.4244318515266,25.083946228027344,-0.4930082644199334,-0.06517833483607334,3.548393566284034,-354.8562337886706,0.21110939979553223,0.24444246292114258,0.3205791464181848,1.0,1
141,108,5,42,25.339499711990356,-0.4819710550625859,-0.06524462015003653,3.5639235166425323,-356.40456379276475,25.59505319595337,-0.3754554975170211,-0.13371081611126373,3.702759393243227,-405.49735781100753,0.2555534839630127,0.2555534839630127,0.5432752253958267,1.0,1
142,108,5,43,25.939494848251343,-0.3616910798378632,-0.14861886095138904,3.7286142078471727,-407.012955850083,26.228381395339966,-0.3300032947055431,-0.24191705309699127,3.8373629112214047,-441.3000218706766,0.28888654708862305,0.34444165229797363,0.3764408708892585,1.0,1
143,108,5,44,26.5506010055542,-0.3288673032827453,-0.25681452652793807,3.8587469281052336,-443.77123079623016,26.850598573684692,-0.36011777058003697,-0.3791123000918781,3.998113789564897,-474.74486820627317,0.29999756813049316,0.3222196102142334,0.46455997069630106,1.0,1
144,108,5,45,27.250595331192017,-0.3699385306763742,-0.39717856479475916,4.021864727325507,-477.82832715136647,27.67281413078308,-0.5213863249400269,-0.45985004119250594,4.213045869766091,-542.7646182656408,0.42221879959106445,0.3999967575073242,0.4528011131331682,1.0,1
145,108,5,46,27.917256593704224,-0.5345895528969229,-0.4581681280928174,4.230533777758296,-544.9373017874186,28.150588035583496,-0.6568279568260404,-0.3551401233847117,4.401346400108224,-587.511270025574,0.23333144187927246,0.24444246292114258,0.7320600300336189,1.0,1
146,108,5,47,28.45058560371399,-0.6719668329225598,-0.33885466389961677,4.430789743310683,-588.0420814466579,28.728361129760742,-0.7212725847439837,-0.17826952056760723,4.609452144709536,-621.9978874143326,0.27777552604675293,0.29999756813049316,0.643189858881887,1.0,1
147,108,5,48,29.028358697891235,-0.7240439182471549,-0.15715963461728127,4.632482777265565,-623.3672400068408,29.295023202896118,-0.6905552326431137,0.015348413778897122,4.8189765504102695,-651.1385867562512,0.2666645050048828,0.29999756813049316,0.6993573184450981,1.0,1
148,108,5,49,29.61724281311035,-0.6828808733831764,0.03516398080887823,4.840421932910132,-651.3083481609847,29.950573444366455,-0.5839776777074088,0.17321438150278232,5.023309841102929,-682.2566941727455,0.3333306312561035,0.3222196102142334,0.5486681722097142,1.0,1
149,108,6,0,0.4215433597564697,0.7769968170408154,0.06366170117887626,0.01156592714829685,17.76169912804835,0.5770976543426514,0.8184819905945311,0.06872643256168215,0.06196157379099532,10.88665100586877,0.15555429458618164,0.41110777854919434,0.32397464034512913,0.0,1
150,108,6,1,1.577089548110962,0.8249307253466679,0.06871885994550302,0.09428114206650662,9.701938823814999,1.7437548637390137,0.8604184727391683,0.06480565002527171,0.1420355295897764,-3.2865481521148467,0.16666531562805176,0.9999918937683105,0.2865286478072234,1.0,1
151,108,6,2,2.165973663330078,0.8633489028721139,0.06434374884020606,0.16812040174099252,-2.9427073728838877,2.34375,0.8919413430858345,0.042923226760923416,0.216083459577618,-35.74009966164158,0.17777633666992188,0.42221879959106445,0.2697943873468306,1.0,1
152,108,6,3,3.5326292514801025,0.8947888313043316,0.04156747154785223,0.2672062107863553,-35.69205230508305,3.7215166091918945,0.8897207850463518,0.004411886707287965,0.3168297912764899,-92.1068589628594,0.188887357711792,1.1888792514801025,0.26271520281336785,1.0,1
153,108,6,4,4.2770676612854,0.8899782809282977,0.0031879046489117838,0.3432508747085592,-91.6011919360426,4.454843997955322,0.8766627465691517,-0.03473637988906006,0.38824252749478205,-108.88633089706127,0.17777633666992188,0.5555510520935059,0.2530800984484176,1.0,1
154,108,6,5,4.732619524002075,0.8752257956336217,-0.03798299471152023,0.39871385837619755,-110.22458297183402,4.899284839630127,0.8461497845233383,-0.07326921798177867,0.451063553826458,-128.36491340953216,0.16666531562805176,0.27777552604675293,0.3141007188747638,1.0,1
155,108,6,6,5.299281597137451,0.8410346514222113,-0.07825582940629992,0.47540228240899296,-131.34247754676835,5.454835891723633,0.807031674650539,-0.10282742133113566,0.525914327834613,-140.55860962804582,0.15555429458618164,0.3999967575073242,0.3247229243011024,1.0,1
156,108,6,7,5.932609796524048,0.7999255898308686,-0.10680787624660441,0.5442491274972383,-142.61602949976805,6.0992751121521,0.7819660617239097,-0.10151464377270683,0.5658638175143267,-166.76370260164913,0.16666531562805176,0.47777390480041504,0.12968919139316332,1.0,1
157,108,6,8,6.410383701324463,0.7792996827558051,-0.10053729976138413,0.5824350317914764,-170.5566708850638,6.677048206329346,0.7829264195950953,-0.09199626457341424,0.6122392188812569,-206.93000187444704,0.2666645050048828,0.3111085891723633,0.11176660759269316,1.0,1
158,108,6,9,6.743714332580566,0.7829255413120926,-0.09218831678552951,0.6115511650947383,-206.56099591648672,6.765936374664307,0.7846726637871554,-0.09053769018610697,0.6208491308318287,-209.88028941668745,0.022222042083740234,0.0666661262512207,0.4184118499124654,1.0,1
159,108,6,10,7.465930700302124,0.782349593015557,-0.08983311579257962,0.6589638417082142,-206.4105447919901,7.5103747844696045,0.7819743362526936,-0.08704202859623769,0.6655315677090528,-214.3599969205752,0.04444408416748047,0.6999943256378174,0.14777503291752206,1.0,1
160,108,6,11,8.232591152191162,0.7795350272356228,-0.08602438196458677,0.6946550848503819,-212.95727701189753,8.399256467819214,0.7590611620207406,-0.12733810700429415,0.7515997624523152,-141.62240010902315,0.16666531562805176,0.7222163677215576,0.3416708352745523,0.0,0
161,108,6,12,8.89925241470337,0.7470018500187222,-0.1348697174969583,0.769550402817913,-147.3194553649737,9.03258466720581,0.7142859334998346,-0.1499020724359914,0.8089228631948799,-154.5378902215598,0.1333322525024414,0.4999959468841553,0.29529584656380137,0.0,1
162,108,6,13,9.588135719299316,0.6991165607567021,-0.15470585613522744,0.8314876893089149,-158.93861876426308,9.788134098052979,0.6712773529711589,-0.20601984278494992,0.9023195283228063,-125.83052547343323,0.1999983787536621,0.5555510520935059,0.35416206598921923,0.0,0
163,108,6,14,10.399240255355835,0.658333919127495,-0.22163745686175687,0.9315679771152077,-126.1266311360996,10.688126802444458,0.5822930059229812,-0.24661879438246193,1.0198136224063603,-166.95493017752597,0.28888654708862305,0.6111061573028564,0.3054681714343767,0.0,1
164,108,6,15,11.121456623077393,0.5629189310553153,-0.2480954502676291,1.0479175402048497,-172.9750328621776,11.365899085998535,0.49451011157575886,-0.20798549402466535,1.1367056372408513,-218.98902370272845,0.24444246292114258,0.43332982063293457,0.3632269777311346,1.0,1
165,108,6,16,11.84367299079895,0.48158724832279315,-0.1927792036595748,1.1729882872126325,-227.5796623946262,12.099226474761963,0.4696048956826378,-0.11327076679296925,1.2627840650368967,-266.5837380155426,0.2555534839630127,0.47777390480041504,0.3513776311390875,1.0,1
166,108,6,17,12.543667316436768,0.4709276044870594,-0.09590269046123652,1.2953740462111796,-271.1926921583181,12.76588773727417,0.5032107510630086,-0.03428252723001735,1.3722487453932501,-305.2424161246927,0.22222042083740234,0.4444408416748047,0.34593895058060137,1.0,1
167,108,6,18,13.199217557907104,0.5142329751596085,-0.022887898053499996,1.3973251713211141,-310.54680185266625,13.476993083953857,0.509760675075202,0.06432444756094215,1.506419324857717,-275.0738250286522,0.27777552604675293,0.43332982063293457,0.39274213639052186,0.0,0
168,108,6,19,13.932544946670532,0.5131235865366195,0.08315006697203507,1.5338435996657722,-275.81397605610255,14.143654346466064,0.5484613192235278,0.15161374833417016,1.6192737981550351,-299.64341904861067,0.21110939979553223,0.4555518627166748,0.4046726416351211,0.0,1
169,108,6,20,14.754760503768921,0.563076398380293,0.1718734854778403,1.6586649696685072,-303.10810711744125,14.988091945648193,0.5615736960924502,0.24447084123205748,1.7528081671086397,-278.7884401440315,0.23333144187927246,0.6111061573028564,0.40347411682666834,0.0,0
170,108,6,21,15.465865850448608,0.5663601996099664,0.26466625977729347,1.778447186894283,-279.96467504463,15.63253116607666,0.5938379162241401,0.2567661937404813,1.8138171153286748,-349.05328161115176,0.16666531562805176,0.47777390480041504,0.2122212909213044,0.0,1
171,108,6,22,16.132527112960815,0.5992219935463746,0.2568356945732266,1.8361340394942545,-353.24859324171484,16.176971197128296,0.6079359147242019,0.25417466705254,1.849173849569894,-362.28338496740616,0.04444408416748047,0.4999959468841553,0.2933981050549051,1.0,1
172,108,6,23,16.67696714401245,0.6135512145738595,0.252894752296738,1.8728470352895101,-365.5569802693608,16.843632459640503,0.6519674893531962,0.24317420620404884,1.9212063777521564,-367.93545925266517,0.16666531562805176,0.4999959468841553,0.2901584068671504,1.0,-1
173,108,6,24,17.176963090896606,0.6621868295197805,0.24035561833448718,1.9414573410650178,-367.46932983809165,17.343628406524658,0.6901012223497255,0.2111191671094017,1.9863062353613543,-397.45383685528213,0.16666531562805176,0.3333306312561035,0.26909554712887085,1.0,1
174,108,6,25,17.988067626953125,0.6999372419786029,0.19584714118384858,2.020617713707935,-406.5691686792452,18.243621110916138,0.6680695498335467,0.19100345634913224,2.06457356012001,-500.2757591821901,0.2555534839630127,0.6444392204284668,0.17200253242658578,1.0,1
175,108,6,26,18.721395015716553,0.6666091335879449,0.18983394085212169,2.0888833296364453,-502.24806431636534,18.965837478637695,0.6065656259803625,0.16605769914091775,2.1627874534966907,-520.9502562373636,0.24444246292114258,0.47777390480041504,0.30233750297339673,1.0,1
176,108,6,27,19.47694444656372,0.5884858192800125,0.16367832854001524,2.1896227308735376,-526.7418596804928,19.665831804275513,0.5722728820442484,0.11137591600013576,2.262551349518475,-476.72506253225583,0.188887357711792,0.5111069679260254,0.3860958167259297,0.0,0
177,108,6,28,20.176938772201538,0.5610813628506292,0.09579290933240563,2.287174776685248,-477.9764769748035,20.39915919303894,0.5134524809084007,0.04760391337311564,2.3657981005729027,-496.230968333959,0.22222042083740234,0.5111069679260254,0.353807825542654,0.0,1
178,108,6,29,20.765822887420654,0.49941747222603267,0.036776328305344906,2.3911851199540877,-499.5265974342765,21.076931476593018,0.39720402700376445,0.019072687797601785,2.5098644198824616,-540.2552031695595,0.3111085891723633,0.36666369438171387,0.38147227064381073,1.0,1
179,108,6,30,21.554705381393433,0.3753344377025842,0.02168860422538357,2.5387567176784387,-546.0167269845915,21.843591928482056,0.3203154255082451,0.08679130611405675,2.637600637090202,-597.6022267837252,0.28888654708862305,0.47777390480041504,0.34215480231912765,1.0,1
180,108,6,31,22.25469970703125,0.31341869437122444,0.10277031822082124,2.659267997552604,-603.7009222112138,22.465809106826782,0.3223595820570381,0.1502184235853758,2.7129486390065267,-640.6515022162275,0.21110939979553223,0.41110777854919434,0.25427878391921266,1.0,1
181,108,6,32,22.876916885375977,0.3275107322668868,0.16170117594240377,2.7313574677295946,-647.2897725021467,23.0546932220459,0.35315015351256246,0.18555719067517432,2.771874678182485,-669.6510044900751,0.17777633666992188,0.41110777854919434,0.2279111562981446,1.0,1
182,108,6,33,23.699132442474365,0.36664933509039566,0.1949446552532265,2.8110551644046495,-675.5267071824637,23.943574905395508,0.42421681887898505,0.1615506198948796,2.889366814214128,-751.6790351881573,0.24444246292114258,0.6444392204284668,0.32036843711046187,1.0,1
183,108,6,34,24.26579451560974,0.43356290819167814,0.15264161908726862,2.908597792523352,-755.7473814627374,24.521347999572754,0.4474050459805632,0.08280225853858796,2.9889068030164765,-805.0172582468767,0.2555534839630127,0.3222196102142334,0.31425519718114187,1.0,1
184,108,6,35,25.05467700958252,0.444643759690186,0.06321903008865665,3.0263654740896015,-811.2827002543236,25.276897430419922,0.40939458950445845,0.00399434710564016,3.1051891706661934,-844.659355168169,0.22222042083740234,0.5333290100097656,0.35470950995213335,1.0,1
185,108,6,36,25.732449293136597,0.3963157023105844,-0.00918715085678854,3.1299374128008424,-850.8944639886286,26.07689094543457,0.2866908827615096,-0.013328008598592409,3.2565200538527677,-914.3695353760413,0.34444165229797363,0.4555518627166748,0.3675009691987533,1.0,1
186,108,6,37,26.476887702941895,0.270357841885471,-0.006956358544876185,3.2761872802982452,-919.5510177079705,26.821329355239868,0.20871917834517084,0.09377992630022322,3.4111282275041788,-973.2050856708665,0.34444165229797363,0.3999967575073242,0.39176721603111236,1.0,1
187,108,6,38,27.12132692337036,0.20611106712560048,0.10899447235624693,3.4283119903837473,-977.7932072199073,27.465768575668335,0.21074548195903592,0.24457078225619366,3.5794036618347036,-1006.2805041582178,0.34444165229797363,0.29999756813049316,0.43865679554994147,1.0,1
188,108,6,39,27.79909920692444,0.217046368662715,0.2624359865457928,3.598700645542664,-1010.1707347703232,28.176873922348022,0.2899194712821116,0.3788367768227431,3.751930713316966,-1034.2745938121298,0.377774715423584,0.3333306312561035,0.40561229091918316,1.0,1
189,108,6,40,28.476871490478516,0.3009307235681346,0.38914231736599253,3.7751075428122647,-1036.2979737389796,28.81020212173462,0.40341321256996826,0.45364369891976775,3.9094136468802674,-1054.0829612985326,0.3333306312561035,0.29999756813049316,0.4029215783796751,1.0,1
190,108,6,41,29.165754795074463,0.4193791052062321,0.46071757093384696,3.929006752898289,-1054.3195863257715,29.454641342163086,0.5196975081782865,0.4720478759738952,4.0411985700974355,-1078.8052816058625,0.28888654708862305,0.35555267333984375,0.3883594384363254,1.0,1
191,108,7,0,0.12888097763061523,-0.08934631145503517,-0.548826767140211,0.001025708263028946,31.04311744170991,0.3511013984680176,-0.042084955580396176,-0.5803009684155377,0.07055253145225038,-34.61583041019912,0.22222042083740234,0.7666604518890381,0.31287324057447397,1.0,1
192,108,7,1,1.1622059345245361,-0.03312273133126211,-0.5886839845137956,0.10176201286594733,-38.25928506819764,1.328871250152588,-0.018186845641302737,-0.6156893101476721,0.14044364110202423,-58.105255198141094,0.16666531562805176,0.8111045360565186,0.23209165080515604,1.0,1
193,108,7,2,1.8622002601623535,-0.015093668003674536,-0.6225657921002586,0.1667314650193248,-59.9402551584717,2.0288655757904053,-0.006300930142755538,-0.6560312532666387,0.20743970866135442,-72.15935027763044,0.16666531562805176,0.5333290100097656,0.24425144181095557,1.0,1
194,108,7,3,2.9955244064331055,-0.0042729575028597816,-0.6652083856092559,0.24960115564579155,-72.39984456171806,3.1733007431030273,-0.010951178189611424,-0.6995990040511029,0.2946202216303959,-97.70030801905523,0.17777633666992188,0.9666588306427002,0.2532342989392985,1.0,1
195,108,7,4,4.695510625839233,-0.010835415164649016,-0.7034526041156566,0.3744441499197819,-97.52534846620256,4.828842878341675,-0.018062908267296122,-0.7122822056364683,0.39258730395550856,-111.66573120987596,0.1333322525024414,1.522209882736206,0.13607475832146784,1.0,1
196,108,7,5,5.684391498565674,-0.018516575060956924,-0.7146972519205351,0.42938812085571954,-112.66246788107674,5.862167835235596,-0.03679227414012195,-0.7152423953176306,0.4517908645913451,-151.522807696776,0.17777633666992188,0.855548620223999,0.12601645503147496,1.0,1
197,108,7,6,6.0288331508636475,-0.038058735395555786,-0.7155130945944351,0.4548124651504395,-152.47884499835345,6.206609487533569,-0.026810190642698913,-0.7034603792437384,0.477067774300167,-180.46811604897084,0.17777633666992188,0.16666531562805176,0.12518712876308752,1.0,1
198,108,7,7,6.28438663482666,-0.026662089560363256,-0.7034520429836858,0.4773410116383445,-180.31455445340544,6.651050329208374,-0.02495740385930482,-0.679526411869543,0.5233903377146873,-246.11020896789705,0.36666369438171387,0.07777714729309082,0.1255900891796594,1.0,1
199,108,7,8,7.23993444442749,-0.027186286825716183,-0.6750508550754256,0.539848387145156,-247.6343791252948,7.417710781097412,-0.00830565340725201,-0.6895391962796988,0.5713908633187259,-332.4132225241119,0.17777633666992188,0.5888841152191162,0.1774278667477265,1.0,1
200,108,7,9,8.462146759033203,-0.008936873616050785,-0.6930443527253861,0.6208373007918624,-335.0871537456478,8.617701053619385,0.019388039515274107,-0.683368743147371,0.6588701933596894,-341.9028599033336,0.15555429458618164,1.044435977935791,0.244499148474205,1.0,1
201,108,7,10,9.417694568634033,0.033259546250705714,-0.6806579191844285,0.7106640715738024,-345.9346944397257,9.617692947387695,0.0413831126737383,-0.7294196829341827,0.7682050661332767,-431.62955513811175,0.1999983787536621,0.7999935150146484,0.2877073050194445,1.0,1
202,108,7,11,9.973245620727539,0.04259521377758759,-0.7386320371138025,0.7866778043719194,-435.0280856420286,10.239910125732422,-0.030362151208793035,-0.7141290052540525,0.8748165758203754,-556.7028634605958,0.2666645050048828,0.35555267333984375,0.3305230722283124,1.0,1
203,108,7,12,10.551018714904785,-0.04030893113778617,-0.7079156992812646,0.8889375900962193,-562.1324401694874,10.817683219909668,-0.02089217750634828,-0.637670563039243,0.9754572256706808,-651.0201175931579,0.2666645050048828,0.3111085891723633,0.3244512634813444,1.0,1
204,108,7,13,11.328790187835693,-0.01178528632137492,-0.6241729772626449,0.9997139783515934,-658.565484822575,11.573232650756836,0.03484588379374982,-0.67901814020983,1.0835616654859166,-773.7153919551347,0.24444246292114258,0.5111069679260254,0.3430160461170471,1.0,1
205,108,7,14,11.93989634513855,0.04066860225134539,-0.692324762708915,1.1016837826591654,-780.0151645440419,12.084339618682861,0.03470535005501785,-0.72787715062096,1.1439513952574032,-813.3142438220166,0.14444327354431152,0.36666369438171387,0.29262430545283313,1.0,1
206,108,7,15,12.706556797027588,0.029145854341052702,-0.7438319434087642,1.1758990883319882,-823.9495823605903,12.91766619682312,-0.014277396472888072,-0.7157873917574124,1.2350600074942406,-924.3753531076072,0.21110939979553223,0.6222171783447266,0.28023820454964155,1.0,1
207,108,7,16,13.273218870162964,-0.02270290660929675,-0.7081648194276743,1.2500837518169021,-930.9502904790206,13.550994396209717,0.0011646095057139187,-0.6384692853283239,1.3392381945470788,-1016.4772734805883,0.27777552604675293,0.35555267333984375,0.3209585955933747,1.0,1
208,108,7,17,14.039879322052002,0.011896200666251855,-0.6251697557934999,1.3655723852433823,-1023.0387184827487,14.350987911224365,0.08418382280742545,-0.6582945533748482,1.4580999572821725,-1118.119397194263,0.3111085891723633,0.48888492584228516,0.29741246387616493,1.0,1
209,108,7,18,15.050982236862183,0.09481633348428485,-0.6740587921274935,1.4943827641054668,-1128.263950390763,15.128759384155273,0.09669930085925425,-0.6846805272421036,1.5071458287428072,-1138.977330883521,0.07777714729309082,0.6999943256378174,0.16409787555263333,1.0,1
210,108,7,19,15.71764349937439,0.09807188517850833,-0.6912295661424128,1.5298834145694684,-1142.6424368518637,16.050974130630493,0.014211856802519879,-0.6870225280441182,1.6376015335008276,-1269.5189096282847,0.3333306312561035,0.5888841152191162,0.32315697637940016,1.0,1
211,108,7,20,16.528748035430908,0.0012715657933375848,-0.6804155219089733,1.6631875695273948,-1278.853009980281,16.80652356147766,0.07983395136765498,-0.6120696154529827,1.7806630234135241,-1408.4444876152556,0.27777552604675293,0.47777390480041504,0.4229150622375451,1.0,1
212,108,7,21,17.273186445236206,0.09646539999595016,-0.606391615075776,1.8101786839285126,-1416.349379402025,17.51762890815735,0.12551145124437055,-0.6806456365769685,1.901673630604705,-1511.8422794290236,0.24444246292114258,0.4666628837585449,0.3743005432968039,1.0,1
213,108,7,22,18.873173475265503,0.1285166450185996,-0.7103432953578132,1.9772552791074816,-1525.393194608383,18.973172664642334,0.12126011159365585,-0.7238003358362555,1.9974530530894015,-1539.3652314192877,0.09999918937683105,1.3555445671081543,0.20197937711082645,1.0,1
214,108,7,23,19.6176118850708,0.11814566857320204,-0.7305131216766636,2.0222415464876065,-1543.390500499343,19.750944137573242,0.10743621645748463,-0.7370405749047789,2.039565185690776,-1559.0887023932737,0.1333322525024414,0.6444392204284668,0.12992834725305866,1.0,1
215,108,7,24,20.228718042373657,0.10424644380966686,-0.739793126060763,2.057486144384228,-1561.5683448579439,20.48427152633667,0.045563784198389704,-0.7341332724673406,2.1274093186553387,-1620.5614221038632,0.2555534839630127,0.47777390480041504,0.2736146390445253,1.0,1
216,108,7,25,21.228709936141968,0.027717059859737585,-0.7304273138943405,2.1662756575767332,-1626.3147016780276,21.41759729385376,0.00726926388153264,-0.7002793538357025,2.210171989858054,-1667.46703085443,0.188887357711792,0.7444384098052979,0.23239423121318006,1.0,1
217,108,7,26,22.206479787826538,0.000611402280372319,-0.6869317614992906,2.2448456417232308,-1675.1786480750816,22.39536714553833,-0.004337804022314502,-0.6408041246281094,2.2986140154389147,-1702.2477434466273,0.188887357711792,0.7888824939727783,0.2846584036488288,1.0,1
218,108,7,27,22.895363092422485,-0.00358063905182955,-0.6254333258365699,2.326334285042975,-1706.572973081653,23.050917387008667,0.011614152826827345,-0.5854232495437666,2.3735598677357927,-1728.7559439854085,0.15555429458618164,0.4999959468841553,0.30359549261208774,1.0,1
219,108,7,28,23.662023544311523,0.021049176661823446,-0.5707404302607335,2.4016764803949116,-1736.2734274306931,23.873132944107056,0.0663755908335906,-0.534039234163982,2.467664156579474,-1762.0063432023017,0.21110939979553223,0.6111061573028564,0.3125757367908488,1.0,1
220,108,7,29,24.27312970161438,0.08193163919949369,-0.5250594658419572,2.4889524290166776,-1766.4867400965013,24.36201786994934,0.1070176623919827,-0.5190731486739225,2.5179383385791994,-1779.8226618701592,0.08888816833496094,0.3999967575073242,0.32609412597290777,1.0,1
221,108,7,30,24.828680753707886,0.12154896617919775,-0.5166047478861956,2.5391887490219744,-1783.9347458086631,24.984235048294067,0.15902078549519644,-0.5278476230784921,2.5845516921713454,-1810.129163243968,0.15555429458618164,0.4666628837585449,0.29162128419565136,1.0,1
222,108,7,31,25.35089874267578,0.1725444472487766,-0.5328318282775578,2.601990055411335,-1814.5174750184306,25.595341205596924,0.22064906518106409,-0.5850076925132996,2.680363786006154,-1852.0396417928932,0.24444246292114258,0.36666369438171387,0.3206224060183144,1.0,1
223,108,7,32,26.18422532081604,0.23241975215663516,-0.6042396453266484,2.7134850773932158,-1856.0519034183526,26.31755757331848,0.23742811712552309,-0.6274094267327485,2.740457651221874,-1869.3827656745343,0.1333322525024414,0.5888841152191162,0.2022959435727245,1.0,1
224,108,7,33,27.28421640396118,0.24020913142543598,-0.643144734897172,2.7828651205528274,-1874.6638627722277,27.417548656463623,0.23827213795513985,-0.6677178506838279,2.8109431441825166,-1888.8731485714816,0.1333322525024414,0.9666588306427002,0.21058688428874336,1.0,1
225,108,7,34,28.773093223571777,0.23662283922715874,-0.6829709257945004,2.905088978209136,-1892.1516356837528,28.90642547607422,0.2269413162718739,-0.7094354809711643,2.937571111316771,-1907.3877108342567,0.1333322525024414,1.3555445671081543,0.24361797313099667,1.0,1
226,108,8,0,1.7386665344238281,0.7247821864043066,-0.3489636374348515,0.07897984053357732,68.34633120720537,1.8942208290100098,0.751735704716723,-0.3539056364404247,0.11377606550303199,8.906836988899158,0.15555429458618164,4.211076974868774,0.2236918309585888,1.0,1
227,108,8,1,6.405295372009277,0.7579161899704423,-0.3527714979349299,0.3819676390557447,8.99659309478011,6.505294561386108,0.7606136834087007,-0.3581418661791115,0.3973350367080002,-4.7263960853015305,0.09999918937683105,4.511074542999268,0.15367522224951125,1.0,1
228,108,8,2,6.783070087432861,0.7605649761731775,-0.3585752239468693,0.41153466534686345,-5.624096061896125,6.916402339935303,0.7613680598531517,-0.37137317668290803,0.42959436591596045,-35.848920864533284,0.1333322525024414,0.27777552604675293,0.13544885224800593,1.0,1
229,108,8,3,7.027512550354004,0.7605503615813566,-0.3717791977853861,0.431770329465877,-37.31880252320116,7.105289697647095,0.758628292125483,-0.3775170001041015,0.44373741690378665,-47.11723227005132,0.07777714729309082,0.11111021041870117,0.1538638000287356,1.0,1
230,108,8,4,7.349732160568237,0.7558742636598229,-0.38102772662625717,0.4594776464651602,-50.821990491131146,7.4608423709869385,0.7531609068521191,-0.3931687696400946,0.47959733293936324,-72.2072360523016,0.11111021041870117,0.24444246292114258,0.1810786461332869,1.0,1
231,108,8,5,7.58306360244751,0.7529232660970506,-0.39373930385093386,0.4830656846916668,-71.26903688035236,7.683062791824341,0.7469955116796386,-0.3927059687977312,0.49416864099760005,-78.35896911013697,0.09999918937683105,0.12222123146057129,0.11103046309799122,1.0,1
232,108,8,6,7.783061981201172,0.7455543615932673,-0.39215881290930105,0.49609266657549256,-80.194902300791,7.905283212661743,0.7362472917774742,-0.39360000923878274,0.5122772378189779,-95.2762847280901,0.12222123146057129,0.09999918937683105,0.13242029269445335,1.0,1
233,108,8,7,8.716387748718262,0.7354995507070387,-0.3940885962660008,0.5444789172825892,-96.10411905067303,8.960830211639404,0.6794612863534197,-0.3397947294316991,0.6345201873524502,-218.34918834471318,0.24444246292114258,0.8111045360565186,0.3683536362457139,1.0,1
234,108,8,8,9.927489042282104,0.6617643794200804,-0.3210283864280333,0.710658265596237,-227.17563559807604,10.183042526245117,0.7345455225782459,-0.2970438386994126,0.8000675781639757,-343.8714538842978,0.2555534839630127,0.9666588306427002,0.3498653635286742,1.0,1
235,108,8,9,11.37192177772522,0.7592375090125492,-0.2995381214735473,0.8785585899886144,-357.58108791994164,11.649697303771973,0.7485086040049029,-0.36617880298986666,0.9642863651953348,-458.3520023585879,0.27777552604675293,1.1888792514801025,0.3086224925096226,1.0,1
236,108,8,10,12.32746958732605,0.7417816419019069,-0.3824500001924567,1.00031465818887,-465.9626133967613,12.40524673461914,0.7355415125126048,-0.38813912892912844,1.0116419033126363,-475.44584433895216,0.07777714729309082,0.6777722835540771,0.14563718930293673,1.0,1
237,108,8,11,12.971908807754517,0.7311207584623197,-0.3926128000554358,1.036499178779792,-477.9895026212107,13.21635127067566,0.6950114856729726,-0.32523120085654467,1.1214139381484642,-600.8442695166741,0.24444246292114258,0.566662073135376,0.34738137700758615,1.0,1
238,108,8,12,14.016344785690308,0.6914787120146914,-0.3015109888541077,1.1604683076082551,-617.4119161224589,14.371897459030151,0.7714466857430504,-0.27842833777183945,1.2584490108944806,-719.6178907121212,0.35555267333984375,0.7999935150146484,0.27557296185078517,1.0,1
239,108,8,13,14.960781574249268,0.7870718035502593,-0.2824062972670594,1.2904123787440938,-726.582912447855,15.23855710029602,0.7672108604893403,-0.3506691488125872,1.3758784557505237,-829.1078132950206,0.27777552604675293,0.5888841152191162,0.30768037135152426,1.0,1
240,108,8,14,16.23854899406433,0.7534109992988817,-0.3709909525150444,1.4259735468883434,-837.9655412502107,16.449658393859863,0.7369798661501393,-0.3329597474795173,1.4741555196498268,-940.4179610482242,0.21110939979553223,0.9999918937683105,0.2282322473947135,1.0,1
241,108,8,15,16.627434730529785,0.7360092368591039,-0.3312201031768596,1.482302495057155,-941.4720243471311,16.749655961990356,0.7428426266043688,-0.3288342124765036,1.4930819644669384,-962.1064838471793,0.12222123146057129,0.17777633666992188,0.08819637374755816,1.0,1
242,108,8,16,16.882988214492798,0.7434758258841448,-0.328291326386386,1.496181740258919,-962.4968451443929,17.305207014083862,0.7645212641666135,-0.32592717907002755,1.5341731561723577,-1013.1403350342298,0.42221879959106445,0.1333322525024414,0.08998039867062971,1.0,1
243,108,8,17,17.360762119293213,0.7639804767333866,-0.3256989931654895,1.5323639139915883,-1012.5287576182236,17.405206203460693,0.7688505350891394,-0.3264598420317709,1.5426064259196437,-1021.0264522392681,0.04444408416748047,0.055555105209350586,0.2304583865303217,1.0,1
244,108,8,18,17.549649477005005,0.7710376789179354,-0.3266398734863006,1.5465405812308575,-1023.6546283978023,17.605204582214355,0.7754603176903649,-0.32678792024473496,1.5546194894228336,-1030.2846187503965,0.055555105209350586,0.14444327354431152,0.14542152627615437,1.0,1
245,108,8,19,17.91631317138672,0.7762450596236086,-0.32743915186699385,1.5710047168323342,-1030.4180033897283,18.06075644493103,0.7835852268178815,-0.33475137077988315,1.584254341396587,-1053.9649658920534,0.14444327354431152,0.3111085891723633,0.09172891363603843,1.0,1
246,108,8,20,18.460753202438354,0.7845843343030868,-0.3370880360318473,1.5994701393312596,-1058.1136523449532,18.560752391815186,0.7931147614364147,-0.3414881230336246,1.6179826807301367,-1072.1133114005643,0.09999918937683105,0.3999967575073242,0.18512691467043374,1.0,1
247,108,8,21,18.88297200202942,0.7955365076111192,-0.3426805302145494,1.6307719076305318,-1074.3728624619907,18.99408221244812,0.8015890599747664,-0.3473363499411227,1.6457650287094623,-1082.56353491747,0.11111021041870117,0.3222196102142334,0.13493918355866016,1.0,1
248,108,8,22,19.327412843704224,0.8043472180776637,-0.34875294105674953,1.6591202736143202,-1084.6873999065501,19.527411222457886,0.8328328358512442,-0.32516311884629145,1.7153696180660063,-1054.2040073797325,0.1999983787536621,0.3333306312561035,0.28124900212800397,0.0,0
249,108,8,23,20.638513326644897,0.8492032084415522,-0.31815713484692854,1.7775416751445903,-1050.9391847392544,20.71629047393799,0.8484712694071224,-0.32105968820317066,1.7880018894970249,-1046.352268261253,0.07777714729309082,1.1111021041870117,0.13448956044912458,1.0,0
250,108,8,24,22.994049787521362,0.8584910491842727,-0.31713985392264266,1.904276012523468,-1047.2071965390642,23.105159997940063,0.8658773386555179,-0.3216659797502547,1.9201364059656214,-1060.0760968568502,0.11111021041870117,2.277759313583374,0.1427446981009768,0.0,1
251,108,8,25,24.238484144210815,0.8712669319182188,-0.3202370855829142,1.9641070003286245,-1061.6667902389381,24.427371501922607,0.8453224146470868,-0.35001185071158475,2.0142109010920706,-1175.1858052900498,0.188887357711792,1.133324146270752,0.26525809546182316,1.0,1
252,108,8,26,26.938462257385254,0.8492994907346568,-0.3459927343145814,2.1519265114296218,-1165.048658665335,26.982906341552734,0.8458675760579939,-0.34992054881543955,2.1599635154157113,-1172.9844653768378,0.04444408416748047,2.5110907554626465,0.18083405556976623,1.0,1
253,108,8,27,28.060675382614136,0.8462684614532625,-0.3514583278528276,2.2083396522257885,-1172.992360184362,28.160674571990967,0.835024948310143,-0.35301974103801304,2.2264761798126926,-1204.8884437454108,0.09999918937683105,1.0777690410614014,0.18136674606990535,1.0,1
254,108,10,0,0.9436442852020264,-0.7284347809257232,0.4447294344887291,0.04029017344493013,101.57675096116873,0.9880883693695068,-0.7272361292773042,0.4511017761718387,0.049255596416401204,94.68332367493713,0.04444408416748047,0.9111037254333496,0.20172365207676007,0.0,1
255,108,10,1,2.2103006839752197,-0.7270094048384287,0.4565569667711089,0.09854555549321731,95.84986807581299,2.310299873352051,-0.7372668326339195,0.4796207672828847,0.12861184277602433,108.86082069761324,0.09999918937683105,1.222212314605713,0.3006653100907348,0.0,0
256,108,10,2,4.1769514083862305,-0.7434964040239221,0.49855535273568846,0.23022564885690144,113.79673981427914,4.288061618804932,-0.7505854005321366,0.5101401668711556,0.24690347832995485,118.79501347559562,0.11111021041870117,1.8666515350341797,0.15010168201649207,1.0,0
257,108,10,3,6.499154806137085,-0.7547457574342841,0.5189570941295164,0.38604002863309006,123.09213938620087,6.7435972690582275,-0.7409377252173853,0.509521872529451,0.4196540156829087,82.25870776472584,0.24444246292114258,2.2110931873321533,0.1375128799150685,0.0,1
258,108,10,4,6.910262584686279,-0.7411723112025451,0.5089014277913315,0.42916426216544323,84.35568536919163,6.96581768989563,-0.7375061722686553,0.5064853208651866,0.4388455611276072,75.7708536499049,0.055555105209350586,0.16666531562805176,0.17426479394974642,1.0,1
259,108,10,5,7.95469856262207,-0.7388047031856627,0.5062524892318102,0.4851206875178491,80.67711850224441,8.010253667831421,-0.7387733150970113,0.5067791994761284,0.49685500523526116,80.45044776047871,0.055555105209350586,0.9888808727264404,0.2112194311070631,1.0,-1
260,108,10,6,8.721359014511108,-0.7394170556838296,0.5074793940764734,0.5442120549400329,82.27604214532039,8.89913535118103,-0.7076668071024174,0.46228880877339773,0.6087354040623723,-36.26387389002048,0.17777633666992188,0.7111053466796875,0.36294678094385624,1.0,1
261,108,10,7,9.488019466400146,-0.6951017488976513,0.45478304812215203,0.6369470035315885,-35.4103500354322,9.565796613693237,-0.6901889518017793,0.4444976927206571,0.6512894644986318,-47.89846190137905,0.07777714729309082,0.5888841152191162,0.1844045644023944,1.0,1
262,108,10,8,10.532455444335938,-0.6842743724501666,0.4363365632218457,0.6991144832633722,-53.535080046487565,10.643565654754639,-0.6856526341847843,0.42114280520197145,0.717309462275125,-74.52139534112939,0.11111021041870117,0.9666588306427002,0.16375613855097507,1.0,1
263,108,10,9,11.154672622680664,-0.6859302569616158,0.4158495928116916,0.7405466781587506,-79.58619920592173,11.321337938308716,-0.7029249319070966,0.42205816965801235,0.7677908163044549,-135.14069329717313,0.16666531562805176,0.5111069679260254,0.16346615396874298,1.0,1
264,108,10,10,11.72133469581604,-0.7022122804183198,0.4247029548939864,0.7845583447990521,-138.97565201242105,11.810222864151001,-0.711271026154042,0.4231788915771439,0.796429459862054,-149.36029002763098,0.08888816833496094,0.3999967575073242,0.13355112705515057,1.0,1
265,108,10,11,12.032443284988403,-0.7131782719401172,0.4228992646197838,0.8018008309209108,-149.86068402160163,12.254663705825806,-0.7115415900726403,0.43083796136144165,0.8364387143294607,-173.27120291350002,0.22222042083740234,0.22222042083740234,0.15587173887090366,1.0,1
266,108,10,12,13.199100494384766,-0.7139173871591066,0.436517520703484,0.8867572340014362,-177.33287377389934,13.243544578552246,-0.7179314047768581,0.44125455831731825,0.8959601504277543,-185.96145802276442,0.04444408416748047,0.94443678855896,0.20706729812765112,1.0,1
267,108,10,13,13.68798542022705,-0.721436611650975,0.4431367132500202,0.9121827924020067,-185.96517249049066,13.943538904190063,-0.6890588655630151,0.49227451725889,0.9794015516904437,-296.01537824354455,0.2555534839630127,0.4444408416748047,0.2630320598492246,1.0,1
268,108,10,14,14.454645872116089,-0.682930630007181,0.5010067555739434,1.002789060703435,-297.96418366994476,14.61020016670227,-0.5952712389431801,0.45463715404003585,1.11122564322568,-386.02389731378935,0.15555429458618164,0.5111069679260254,0.6970979670520624,1.0,1
269,108,10,15,15.221306324005127,-0.5667799299248766,0.4420095903131762,1.1501191286949393,-387.5740724072457,15.48797082901001,-0.5348562410438839,0.38427439812137915,1.2239591774972496,-424.56736399888905,0.2666645050048828,0.6111061573028564,0.27690242764389755,1.0,1
270,108,10,16,15.999077796936035,-0.530412156223936,0.3697278734319997,1.242117385173458,-431.1205772513058,16.187965154647827,-0.5285974947877702,0.3109532626592427,1.3083828708063834,-450.19109272634523,0.188887357711792,0.5111069679260254,0.35082012070937335,1.0,1
271,108,10,17,16.776849269866943,-0.5298517682779866,0.29100330091738874,1.3461798242808527,-452.74913772874424,16.865737438201904,-0.5386395815805043,0.2790743330960808,1.3642255125728298,-468.643601223368,0.08888816833496094,0.5888841152191162,0.20301563897654804,1.0,1
272,108,10,18,17.48795461654663,-0.5439983023050988,0.27189755538231936,1.3931798532044013,-475.79934442031663,17.754619121551514,-0.4596938085461508,0.2886070970928151,1.4971003023196658,-354.08073865524057,0.2666645050048828,0.6222171783447266,0.3897048432199917,0.0,0
273,108,10,19,18.587945699691772,-0.4319870714554694,0.28992110199393933,1.5471045659173228,-350.707967341099,18.787944078445435,-0.37183644251849995,0.2800795756408148,1.6180303674929064,-372.00549247593153,0.1999983787536621,0.8333265781402588,0.35463188260612283,0.0,1
274,108,10,20,19.4323832988739,-0.3494977657936587,0.2726503585863947,1.6511510685065787,-377.5544556149616,19.699047803878784,-0.32412467850539295,0.20167399614675216,1.7396148619275777,-438.2633718136494,0.2666645050048828,0.6444392204284668,0.3317419145055666,1.0,1
275,108,10,21,20.09904456138611,-0.32299327685339413,0.18598878537186647,1.7676187947722042,-442.8190142478925,20.24348783493042,-0.32529691046983344,0.19041019057656247,1.7857171338603735,-431.2055578081563,0.14444327354431152,0.3999967575073242,0.12529720937553496,0.0,0
276,108,10,22,20.421264171600342,-0.3300996146556808,0.1918166335665031,1.79768551985336,-435.4084968867246,20.599040508270264,-0.3405917372677997,0.18842866094601834,1.8206883284675541,-453.83138384129415,0.17777633666992188,0.17777633666992188,0.1293918473351358,0.0,1
277,108,10,23,20.654595613479614,-0.34018970602798265,0.1882175311834193,1.8195955065565954,-453.75112738053576,20.699039697647095,-0.34240350117211926,0.18828565491611998,1.8252197718363732,-457.09869183898263,0.04444408416748047,0.055555105209350586,0.12654699461425786,1.0,1
278,108,10,24,21.754586696624756,-0.34820087582091913,0.18745790704053333,1.8640137134984798,-464.15474674707366,21.899029970169067,-0.35517728490526196,0.20352847052944717,1.8884848332849629,-520.8550403077024,0.14444327354431152,1.0555469989776611,0.169416818007631,1.0,1
279,108,10,25,22.14347243309021,-0.3536855736088395,0.20447479008014655,1.8920569275447292,-520.6221761934939,22.23236060142517,-0.3586676962153179,0.20958165526486963,1.904314330866157,-537.269539950481,0.08888816833496094,0.24444246292114258,0.1378969051903252,1.0,1
280,108,10,26,22.643468379974365,-0.35737841632884065,0.21073675317965124,1.9161726291022205,-540.8386706928432,22.765689611434937,-0.3630509571588426,0.22267534567688685,1.934794202376679,-568.052697047031,0.12222123146057129,0.41110777854919434,0.15235956185293315,1.0,1
281,108,10,27,23.16568636894226,-0.3635586562598639,0.22512076444212106,1.9446790311214386,-572.4872677286548,23.332351684570312,-0.3674093880824095,0.24630544210666117,1.9696911528086503,-599.8703840578964,0.16666531562805176,0.3999967575073242,0.15007394665745222,1.0,1
282,108,10,28,23.710126399993896,-0.36765410613286137,0.25138631438426823,1.9887723910822501,-604.6021999662844,23.91012477874756,-0.42048047996262194,0.24465477196379143,2.0593084735521074,-542.0833585347427,0.1999983787536621,0.377774715423584,0.3526832712815966,0.0,0
283,108,10,29,24.376787662506104,-0.4348392821982148,0.24343500482254435,2.086541716773752,-539.2024206881542,24.576786041259766,-0.3240006939120116,0.1651361330883925,2.231894916500437,-400.3643510243346,0.1999983787536621,0.4666628837585449,0.7267718900147511,1.0,0
284,108,10,30,25.232336282730103,-0.30063418816714416,0.14022137965501902,2.2789570104358177,-406.3101835663838,25.365668535232544,-0.2770689833953746,0.10556031722119999,2.3246354817580936,-415.68209557850787,0.1333322525024414,0.6555502414703369,0.3425913120416201,0.0,1
285,108,10,31,25.9767746925354,-0.26862114134041054,0.08919138781317966,2.3550853265621186,-420.9175580901574,26.221217155456543,-0.2585686940338938,0.019671378666251765,2.436059601721638,-444.5355739812585,0.24444246292114258,0.6111061573028564,0.3312610836589463,1.0,1
286,108,10,32,26.710102081298828,-0.25855730502977287,0.0005528034404789077,2.4690359102203843,-448.05729334516946,26.97676658630371,-0.30949182494089095,-0.07355084395525799,2.5769428984594356,-495.2904027354962,0.2666645050048828,0.48888492584228516,0.4046544861194611,1.0,1
287,108,10,33,27.521206617355347,-0.325623296852728,-0.0873827734617958,2.6102835036086276,-499.4683281599355,27.78787112236023,-0.4057342384117224,-0.08340500233996267,2.7038112635898983,-551.4883760570083,0.2666645050048828,0.5444400310516357,0.3507319430441564,1.0,1
288,108,10,34,28.376755237579346,-0.42433348577777713,-0.07709003723725755,2.7281944659691817,-557.7827850341346,28.64341974258423,-0.4765645449103989,-0.0025776869996694115,2.834581612916793,-606.429130019802,0.2666645050048828,0.5888841152191162,0.39895503507549,1.0,1
289,108,10,35,29.198970794677734,-0.4829907320848486,0.019756907628003344,2.8625837420472067,-612.428166056874,29.421191215515137,-0.4711276950316044,0.09064969444031722,2.9446820964054723,-643.9374256509327,0.22222042083740234,0.5555510520935059,0.36944558942373984,1.0,1
